{
 "X": [
  -15.0,
  -14.696969696969697,
  -14.393939393939394,
  -14.09090909090909,
  -13.787878787878787,
  -13.484848484848484,
  -13.181818181818182,
  -12.878787878787879,
  -12.575757575757576,
  -12.272727272727273,
  -11.969696969696969,
  -11.666666666666666,
  -11.363636363636363,
  -11.06060606060606,
  -10.757575757575758,
  -10.454545454545453,
  -10.151515151515152,
  -9.848484848484848,
  -9.545454545454545,
  -9.242424242424242,
  -8.93939393939394,
  -8.636363636363637,
  -8.333333333333332,
  -8.030303030303031,
  -7.727272727272727,
  -7.424242424242424,
  -7.121212121212121,
  -6.818181818181818,
  -6.515151515151516,
  -6.212121212121211,
  -5.909090909090908,
  -5.6060606060606055,
  -5.303030303030303,
  -5.0,
  -4.696969696969697,
  -4.3939393939393945,
  -4.09090909090909,
  -3.787878787878787,
  -3.4848484848484844,
  -3.1818181818181817,
  -2.878787878787879,
  -2.575757575757576,
  -2.2727272727272716,
  -1.9696969696969688,
  -1.666666666666666,
  -1.3636363636363633,
  -1.0606060606060606,
  -0.7575757575757578,
  -0.45454545454545325,
  -0.1515151515151505,
  0.15151515151515227,
  0.45454545454545503,
  0.7575757575757578,
  1.0606060606060623,
  1.3636363636363633,
  1.6666666666666679,
  1.9696969696969688,
  2.2727272727272734,
  2.575757575757578,
  2.878787878787879,
  3.1818181818181834,
  3.4848484848484844,
  3.787878787878789,
  4.09090909090909,
  4.3939393939393945,
  4.696969696969699,
  5.0,
  5.3030303030303045,
  5.6060606060606055,
  5.90909090909091,
  6.212121212121211,
  6.515151515151516,
  6.81818181818182,
  7.121212121212121,
  7.424242424242426,
  7.727272727272727,
  8.030303030303031,
  8.333333333333336,
  8.636363636363637,
  8.939393939393941,
  9.242424242424242,
  9.545454545454547,
  9.848484848484848,
  10.151515151515152,
  10.454545454545457,
  10.757575757575758,
  11.060606060606062,
  11.363636363636363,
  11.666666666666668,
  11.969696969696969,
  12.272727272727273,
  12.575757575757578,
  12.878787878787879,
  13.181818181818183,
  13.484848484848484,
  13.787878787878789,
  14.090909090909093,
  14.393939393939394,
  14.696969696969699,
  15.0
 ],
 "Y": [
  7.75,
  7.598484848484849,
  7.446969696969697,
  7.295454545454545,
  7.143939393939394,
  6.992424242424242,
  6.840909090909091,
  6.6893939393939394,
  6.537878787878788,
  6.386363636363637,
  6.234848484848484,
  6.083333333333333,
  5.931818181818182,
  5.78030303030303,
  5.628787878787879,
  5.477272727272727,
  5.325757575757576,
  5.174242424242424,
  5.0227272727272725,
  4.871212121212121,
  4.71969696969697,
  4.568181818181818,
  4.416666666666666,
  4.265151515151516,
  4.113636363636363,
  3.962121212121212,
  3.8106060606060606,
  3.659090909090909,
  3.507575757575758,
  3.3560606060606055,
  3.204545454545454,
  3.0530303030303028,
  2.9015151515151514,
  2.75,
  2.5984848484848486,
  2.4469696969696972,
  2.295454545454545,
  2.1439393939393936,
  1.9924242424242422,
  1.8409090909090908,
  1.6893939393939394,
  1.537878787878788,
  1.3863636363636358,
  1.2348484848484844,
  1.083333333333333,
  0.9318181818181817,
  0.7803030303030303,
  0.6287878787878789,
  0.4772727272727266,
  0.32575757575757525,
  0.17998163452708876,
  0.07438016528925606,
  0.014692378328741939,
  0.0009182736455464251,
  0.03305785123966936,
  0.11111111111111151,
  0.23507805325987102,
  0.3863636363636367,
  0.537878787878789,
  0.6893939393939394,
  0.8409090909090917,
  0.9924242424242422,
  1.1439393939393945,
  1.295454545454545,
  1.4469696969696972,
  1.5984848484848495,
  1.75,
  1.9015151515151523,
  2.0530303030303028,
  2.204545454545455,
  2.3560606060606055,
  2.507575757575758,
  2.65909090909091,
  2.8106060606060606,
  2.962121212121213,
  3.1136363636363633,
  3.2651515151515156,
  3.416666666666668,
  3.5681818181818183,
  3.7196969696969706,
  3.871212121212121,
  4.022727272727273,
  4.174242424242424,
  4.325757575757576,
  4.477272727272728,
  4.628787878787879,
  4.780303030303031,
  4.931818181818182,
  5.083333333333334,
  5.234848484848484,
  5.386363636363637,
  5.537878787878789,
  5.6893939393939394,
  5.840909090909092,
  5.992424242424242,
  6.1439393939393945,
  6.295454545454547,
  6.446969696969697,
  6.5984848484848495,
  6.75
 ]
}