{
 "X": [
  -9.0,
  -8.692307692307692,
  -8.384615384615385,
  -8.076923076923077,
  -7.76923076923077,
  -7.461538461538462,
  -7.153846153846153,
  -6.846153846153846,
  -6.538461538461538,
  -6.230769230769231,
  -5.923076923076923,
  -5.615384615384615,
  -5.3076923076923075,
  -5.0,
  -4.692307692307692,
  -4.384615384615384,
  -4.076923076923077,
  -3.769230769230769,
  -3.4615384615384617,
  -3.1538461538461533,
  -2.846153846153846,
  -2.5384615384615383,
  -2.23076923076923,
  -1.9230769230769225,
  -1.615384615384615,
  -1.3076923076923075,
  -1.0,
  -0.6923076923076916,
  -0.38461538461538325,
  -0.07692307692307665,
  0.23076923076923173,
  0.5384615384615383,
  0.8461538461538467,
  1.153846153846155,
  1.4615384615384617,
  1.76923076923077,
  2.0769230769230766,
  2.384615384615385,
  2.6923076923076934,
  3.0,
  3.3076923076923084,
  3.6153846153846168,
  3.9230769230769234,
  4.230769230769232,
  4.53846153846154,
  4.846153846153847,
  5.153846153846155,
  5.461538461538462,
  5.76923076923077,
  6.076923076923078,
  6.384615384615385,
  6.692307692307693,
  7.0,
  7.30769230769231,
  7.615384615384617,
  7.923076923076923,
  8.230769230769234,
  8.53846153846154,
  8.846153846153847,
  9.153846153846153,
  9.461538461538463,
  9.76923076923077,
  10.076923076923077,
  10.384615384615387,
  10.692307692307693,
  11.0
 ],
 "Y": [
  4.75,
  4.596153846153846,
  4.4423076923076925,
  4.288461538461538,
  4.134615384615385,
  3.980769230769231,
  3.8269230769230766,
  3.673076923076923,
  3.519230769230769,
  3.3653846153846154,
  3.2115384615384617,
  3.0576923076923075,
  2.9038461538461537,
  2.75,
  2.596153846153846,
  2.442307692307692,
  2.2884615384615383,
  2.1346153846153846,
  1.9807692307692308,
  1.8269230769230766,
  1.673076923076923,
  1.5192307692307692,
  1.365384615384615,
  1.2115384615384612,
  1.0576923076923075,
  0.9038461538461537,
  0.75,
  0.5961538461538458,
  0.4423076923076916,
  0.2884615384615383,
  0.14792899408283988,
  0.053254437869822514,
  0.005917159763313568,
  0.005917159763313704,
  0.053254437869822514,
  0.14792899408284055,
  0.2884615384615383,
  0.4423076923076925,
  0.5961538461538467,
  0.75,
  0.9038461538461542,
  1.0576923076923084,
  1.2115384615384617,
  1.3653846153846159,
  1.51923076923077,
  1.6730769230769234,
  1.8269230769230775,
  1.9807692307692308,
  2.134615384615385,
  2.288461538461539,
  2.4423076923076925,
  2.5961538461538467,
  2.75,
  2.903846153846155,
  3.0576923076923084,
  3.2115384615384617,
  3.3653846153846168,
  3.51923076923077,
  3.6730769230769234,
  3.8269230769230766,
  3.9807692307692317,
  4.134615384615385,
  4.288461538461538,
  4.442307692307693,
  4.596153846153847,
  4.75
 ]
}